{
  "acc": 0.7944162436548223,
  "balanced_acc": 0.8204481792717087,
  "macro_f1": 0.7697319528121505,
  "precision_no_tumor": 0.575,
  "recall_no_tumor": 0.8761904761904762,
  "precision_tumor": 0.9444444444444444,
  "recall_tumor": 0.7647058823529411
}