{
  "acc": 0.9668989547038328,
  "balanced_acc": 0.9276179516685845,
  "macro_f1": 0.9299041693714771,
  "precision_no_tumor": 0.8846153846153846,
  "recall_no_tumor": 0.8734177215189873,
  "precision_tumor": 0.9798387096774194,
  "recall_tumor": 0.9818181818181818
}