{
  "acc": 0.6192893401015228,
  "balanced_acc": 0.6204929774494992,
  "macro_f1": 0.5864782025140025,
  "per_class_recall": {
    "glioma_tumor": 0.22,
    "meningioma_tumor": 0.6695652173913044,
    "no_tumor": 0.8761904761904762,
    "pituitary_tumor": 0.7162162162162162
  }
}