{
  "acc": 0.8641114982578397,
  "balanced_acc": 0.6233473980309423,
  "macro_f1": 0.647397933467742,
  "precision_no_tumor": 0.5111111111111111,
  "recall_no_tumor": 0.2911392405063291,
  "precision_tumor": 0.8941398865784499,
  "recall_tumor": 0.9555555555555556
}