{
  "acc": 0.799492385786802,
  "balanced_acc": 0.6814137419673751,
  "macro_f1": 0.702459588379807,
  "precision_no_tumor": 0.703125,
  "recall_no_tumor": 0.42857142857142855,
  "precision_tumor": 0.8181818181818182,
  "recall_tumor": 0.9342560553633218
}