{
  "acc": 0.7411167512690355,
  "balanced_acc": 0.7780523974295601,
  "macro_f1": 0.7183584223362207,
  "precision_no_tumor": 0.5084745762711864,
  "recall_no_tumor": 0.8571428571428571,
  "precision_tumor": 0.9308755760368663,
  "recall_tumor": 0.698961937716263
}