{
  "acc": 0.8693379790940766,
  "balanced_acc": 0.8632719601074031,
  "macro_f1": 0.8600865836549031,
  "per_class_recall": {
    "glioma_tumor": 0.8909090909090909,
    "meningioma_tumor": 0.7636363636363637,
    "no_tumor": 0.8227848101265823,
    "pituitary_tumor": 0.9757575757575757
  }
}