{
  "acc": 0.945993031358885,
  "balanced_acc": 0.8942206878915739,
  "macro_f1": 0.8880225540725077,
  "precision_no_tumor": 0.7926829268292683,
  "recall_no_tumor": 0.8227848101265823,
  "precision_tumor": 0.9715447154471545,
  "recall_tumor": 0.9656565656565657
}