{
  "acc": 0.9494773519163763,
  "balanced_acc": 0.9175169415675745,
  "macro_f1": 0.8983928168128574,
  "precision_no_tumor": 0.7840909090909091,
  "recall_no_tumor": 0.8734177215189873,
  "precision_tumor": 0.9794238683127572,
  "recall_tumor": 0.9616161616161616
}