{
  "acc": 0.7614213197969543,
  "balanced_acc": 0.8009886307464162,
  "macro_f1": 0.739623172103487,
  "precision_no_tumor": 0.5314285714285715,
  "recall_no_tumor": 0.8857142857142857,
  "precision_tumor": 0.9452054794520548,
  "recall_tumor": 0.7162629757785467
}