{
  "acc": 0.9233449477351916,
  "balanced_acc": 0.9449175297276563,
  "macro_f1": 0.8657309941520468,
  "precision_no_tumor": 0.6470588235294118,
  "recall_no_tumor": 0.9746835443037974,
  "precision_tumor": 0.9956043956043956,
  "recall_tumor": 0.9151515151515152
}