{
  "acc": 0.4263959390862944,
  "balanced_acc": 0.43638716356107665,
  "macro_f1": 0.39801586945431183,
  "per_class_recall": {
    "glioma_tumor": 0.2,
    "meningioma_tumor": 0.12173913043478261,
    "no_tumor": 0.9238095238095239,
    "pituitary_tumor": 0.5
  }
}