{
  "acc": 0.49238578680203043,
  "balanced_acc": 0.5075886911756478,
  "macro_f1": 0.4551587877980673,
  "per_class_recall": {
    "glioma_tumor": 0.17,
    "meningioma_tumor": 0.2608695652173913,
    "no_tumor": 0.9238095238095239,
    "pituitary_tumor": 0.6756756756756757
  }
}