{
  "acc": 0.9512195121951219,
  "balanced_acc": 0.9398030942334741,
  "macro_f1": 0.9051665132526139,
  "precision_no_tumor": 0.7684210526315789,
  "recall_no_tumor": 0.9240506329113924,
  "precision_tumor": 0.9874739039665971,
  "recall_tumor": 0.9555555555555556
}