{
  "acc": 0.6345177664974619,
  "balanced_acc": 0.7266106442577032,
  "macro_f1": 0.6269822485207102,
  "precision_no_tumor": 0.41630901287553645,
  "recall_no_tumor": 0.9238095238095239,
  "precision_tumor": 0.9503105590062112,
  "recall_tumor": 0.5294117647058824
}