{
  "acc": 0.8710801393728222,
  "balanced_acc": 0.8845799769850403,
  "macro_f1": 0.8579624219675186,
  "per_class_recall": {
    "glioma_tumor": 0.9151515151515152,
    "meningioma_tumor": 0.6666666666666666,
    "no_tumor": 0.9746835443037974,
    "pituitary_tumor": 0.9818181818181818
  }
}