{
  "acc": 0.8501742160278746,
  "balanced_acc": 0.8598005370157269,
  "macro_f1": 0.8467548058213279,
  "per_class_recall": {
    "glioma_tumor": 0.793939393939394,
    "meningioma_tumor": 0.7272727272727273,
    "no_tumor": 0.9240506329113924,
    "pituitary_tumor": 0.9939393939393939
  }
}