{
  "acc": 0.467005076142132,
  "balanced_acc": 0.6124237930466304,
  "macro_f1": 0.4666615099009901,
  "precision_no_tumor": 0.32441471571906355,
  "recall_no_tumor": 0.9238095238095239,
  "precision_tumor": 0.9157894736842105,
  "recall_tumor": 0.30103806228373703
}